{
    "eval_loss": 1.9511475563049316,
    "eval_model_preparation_time": 0.0026,
    "eval_accuracy": 0.5849056839942932,
    "eval_runtime": 0.8282,
    "eval_samples_per_second": 63.996,
    "eval_steps_per_second": 8.452
}