{
    "eval_loss": 1.9511475563049316,
    "eval_model_preparation_time": 0.002,
    "eval_accuracy": 0.5849056839942932,
    "eval_runtime": 1.0145,
    "eval_samples_per_second": 52.244,
    "eval_steps_per_second": 6.9
}