{"eval_loss": 0.3769032061100006, "eval_model_preparation_time": 0.0009, "eval_accuracy": 0.8957529067993164, "eval_runtime": 52.3987, "eval_samples_per_second": 187.829, "eval_steps_per_second": 23.493}